{
  "timestamp": "20250625_231005",
  "results": {
    "login": [
      1750911003.128217
    ],
    "List groups": [
      0.004501819610595703,
      0.0014050006866455078,
      0.0015308856964111328,
      0.001569986343383789,
      0.001483917236328125
    ]
  }
}