{
  "timestamp": "20250625_230915",
  "results": {
    "login": [
      1750910953.051913
    ],
    "List groups": [
      0.004469156265258789,
      0.001420736312866211,
      0.0014157295227050781,
      0.0013928413391113281,
      0.001692056655883789
    ]
  }
}